{
  "an": "an-AR",
  "af": "af-ZA",
  "es-AR": "es-AR",
  "ar": "ar-SA",
  "az": "az-AZ",
  "bg": "bg-BG",
  "bn": "bn-BD",
  "pt-BR": "pt-BR",
  "bs": "bs-BA",
  "br-FR": "br-FR",
  "ca": "ca-ES",
  "es-CO": "es-CO",
  "cs": "cs-CZ",
  "da": "da-DK",
  "de": "de-DE",
  "el": "el-GR",
  "en": "en-US",
  "es": "es-ES",
  "et": "et-EE",
  "eu": "eu-ES",
  "fa": "fa-IR",
  "fi": "fi-FI",
  "fo": "fo-FO",
  "fr": "fr-FR",
  "ga-IE": "ga-IE",
  "en-GB": "en-GB",
  "gl": "gl-ES",
  "he": "he-IL",
  "hi": "hi-IN",
  "hr": "hr-HR",
  "hu": "hu-HU",
  "hy-AM": "hy-AM",
  "id": "id-ID",
  "it": "it-IT",
  "ja": "ja-JP",
  "ka": "ka-GE",
  "ko": "ko-KR",
  "lo": "lo-LA",
  "lt": "lt-LT",
  "lv": "lv-LV",
  "mk": "mk-MK",
  "ml-IN": "ml-IN",
  "ms": "ms-MY",
  "es-MX": "es-MX",
  "nl": "nl-NL",
  "no": "no-NO",
  "pl": "pl-PL",
  "pt-PT": "pt-PT",
  "ro": "ro-RO",
  "ru": "ru-RU",
  "si-LK": "si-LK",
  "sl": "sl-SI",
  "sk": "sk-SK",
  "sq": "sq-AL",
  "sr-CS": "sr-CS",
  "sv-SE": "sv-SE",
  "sw": "sw-KE",
  "ta": "ta-IN",
  "te": "te-IN",
  "th": "th-TH",
  "tr": "tr-TR",
  "zh-TW": "zh-TW",
  "ug": "ug-CN",
  "uk": "uk-UA",
  "ur-PK": "ur-PK",
  "vi": "vi-VN",
  "zh-CN": "zh-CN",
  "nn-NO": "nn-NO",
  "fr-QC": "fr-CA",
  "de-CH": "de-CH",
  "eo": "eo-EO"
}
